﻿{
  "realm": "demo-realm",
  "enabled": true,

  "roles": {
    "realm": [
      { "name": "Client" },
      { "name": "Manager" },
      { "name": "Admin" }
    ]
  },

  "users": [
    {
      "username": "ivan",
      "enabled": true,
      "credentials": [
        { "type": "password", "value": "password", "temporary": false }
      ],
      "realmRoles": ["Client"]
    },
    {
      "username": "sergey",
      "enabled": true,
      "credentials": [
        { "type": "password", "value": "password", "temporary": false }
      ],
      "realmRoles": ["Client"]
    },
    {
      "username": "petr",
      "enabled": true,
      "credentials": [
        { "type": "password", "value": "password", "temporary": false }
      ],
      "realmRoles": ["Manager"]
    }
  ]
}