<?xml version="1.0" encoding="UTF-8"?>
<databaseChangeLog
        xmlns="http://www.liquibase.org/xml/ns/dbchangelog"
        xmlns:xsi="http://www.w3.org/2001/XMLSchema-instance"
        xsi:schemaLocation="http://www.liquibase.org/xml/ns/dbchangelog
                      http://www.liquibase.org/xml/ns/dbchangelog/dbchangelog-4.31.xsd">

   <changeSet id="create_users_sequence" author="Ivan Vasilyev">
        <preConditions>
            <not>
                <sequenceExists sequenceName="users_sequence"/>
            </not>
        </preConditions>
        <createSequence sequenceName="users_sequence" incrementBy="1"/>
        <rollback>
            <dropSequence sequenceName="users_sequence"/>
        </rollback>
    </changeSet>
    <changeSet id="create_users_table" author="Ivan Vasilyev">
        <preConditions>
            <not>
                <tableExists tableName="users"/>
            </not>
        </preConditions>
        <createTable tableName="users">
	    <column name="id" type="BIGINT">
                <constraints nullable="false" primaryKey="true" primaryKeyName="users_pkey"/>
            </column>
            <column name="firstname" type="varchar(255)">
                <constraints nullable="false"/>
            </column>
            <column name="lastname" type="varchar">
                <constraints nullable="false"/>
            </column>
        </createTable>
        <rollback>
            <dropTable tableName="users"/>
        </rollback>
    </changeSet>
</databaseChangeLog>
