<?xml version="1.0" encoding="UTF-8"?>
<databaseChangeLog
        xmlns="http://www.liquibase.org/xml/ns/dbchangelog"
        xmlns:xsi="http://www.w3.org/2001/XMLSchema-instance"
        xsi:schemaLocation="http://www.liquibase.org/xml/ns/dbchangelog
                      http://www.liquibase.org/xml/ns/dbchangelog/dbchangelog-4.31.xsd">


     <changeSet id="create_orders_sequence" author="Ivan Vasilyev">
        <preConditions>
            <not>
                <sequenceExists sequenceName="orders_sequence"/>
            </not>
        </preConditions>
        <createSequence sequenceName="orders_sequence" incrementBy="1"/>
        <rollback>
            <dropSequence sequenceName="orders_sequence"/>
        </rollback>
     </changeSet>

    <changeSet id="create_orders_table" author="Ivan Vasilyev">
        <preConditions>
            <not>
                <tableExists tableName="orders"/>
            </not>
        </preConditions>

        <createTable tableName="orders">
            <column name="id" type="BIGINT">
                <constraints nullable="false" primaryKey="true" primaryKeyName="orders_pkey"/>
            </column>
            <column defaultValueComputed="CURRENT_TIMESTAMP" name="created_at" type="timestamp"/>
            <column defaultValueNumeric="1" name="user_id" type="BIGINT">
                <constraints nullable="false"/>
            </column>
        </createTable>

        <rollback>
            <dropTable tableName="orders"/>
        </rollback>
    </changeSet>
    <changeSet id="create_orders_foreign_key_users" author="Ivan Vasilyev">
        <preConditions>
            <not>
                <foreignKeyConstraintExists foreignKeyName="fk_orders_users"/>
            </not>
        </preConditions>
        <addForeignKeyConstraint baseTableName="orders"
                                 baseColumnNames="user_id"
                                 referencedTableName="users"
                                 referencedColumnNames="id"
	 			 onDelete="CASCADE"
                                 constraintName="fk_orders_users"/>
        <rollback>
            <dropForeignKeyConstraint baseTableName="orders" constraintName="fk_orders_users"/>
        </rollback>
    </changeSet>
</databaseChangeLog>
